date,value
7/17/2017,110.9296
7/18/2017,110.4349
7/19/2017,110.4329
7/20/2017,110.2504
7/21/2017,110.1902
7/24/2017,110.1998
7/25/2017,110.2831
7/26/2017,110.3805
7/27/2017,110.2154
7/28/2017,109.9197
7/31/2017,109.8181
8/1/2017,109.8498
8/2/2017,109.7508
8/3/2017,109.8336
8/4/2017,110.2807
8/7/2017,110.373
8/8/2017,110.3956
8/9/2017,110.367
8/10/2017,110.1884
8/11/2017,110.0421
8/14/2017,110.0947
8/15/2017,110.4839
8/16/2017,110.4385
8/17/2017,110.1666
8/18/2017,110.04
8/21/2017,109.7342
8/22/2017,109.8373
8/23/2017,109.8082
8/24/2017,109.7511
8/25/2017,109.3405
8/28/2017,109.181
8/29/2017,109.0944
8/30/2017,109.4047
8/31/2017,109.3676
9/1/2017,109.0492
9/4/2017,.
9/5/2017,108.8654
9/6/2017,108.4885
9/7/2017,107.9211
9/8/2017,107.8071
9/11/2017,108.1518
9/12/2017,108.3233
9/13/2017,108.6618
9/14/2017,108.6175
9/15/2017,108.315
9/18/2017,108.6402
9/19/2017,108.6147
9/20/2017,108.4336
9/21/2017,108.9274
9/22/2017,108.7548
9/25/2017,109.3307
9/26/2017,109.7772
9/27/2017,110.0726
9/28/2017,110.2425
9/29/2017,110.0876
10/2/2017,110.3688
10/3/2017,110.3284
10/4/2017,110.2427
10/5/2017,110.5821
10/6/2017,110.7839
10/9/2017,.
10/10/2017,110.3037
10/11/2017,110.3042
10/12/2017,110.3156
10/13/2017,110.2678
10/16/2017,110.5443
10/17/2017,110.9149
10/18/2017,110.7218
10/19/2017,110.4583
10/20/2017,111.0382
10/23/2017,111.2144
10/24/2017,111.4036
10/25/2017,111.3921
10/26/2017,111.643
10/27/2017,112.1504
10/30/2017,111.9022
10/31/2017,111.8068
11/1/2017,111.7955
11/2/2017,111.5479
11/3/2017,111.9388
11/6/2017,111.7203
11/7/2017,111.9453
11/8/2017,111.6938
11/9/2017,111.5632
11/10/2017,.
11/13/2017,111.784
11/14/2017,111.5107
11/15/2017,111.4822
11/16/2017,111.2579
11/17/2017,111.0028
11/20/2017,111.261
11/21/2017,110.9836
11/22/2017,110.5642
11/23/2017,.
11/24/2017,110.0266
11/27/2017,110.1149
11/28/2017,110.3027
11/29/2017,110.3281
11/30/2017,110.4669
12/1/2017,110.1432
12/4/2017,110.3984
12/5/2017,110.4917
12/6/2017,110.8724
12/7/2017,111.0196
12/8/2017,111.2288
12/11/2017,111.0843
12/12/2017,111.523
12/13/2017,111.2777
12/14/2017,111.0914
12/15/2017,111.1302
12/18/2017,110.9107
12/19/2017,111.1277
12/20/2017,110.8384
12/21/2017,110.8806
12/22/2017,111.1018
12/25/2017,.
12/26/2017,110.9779
12/27/2017,110.8576
12/28/2017,110.5178
12/29/2017,110.0808
1/1/2018,.
1/2/2018,109.6469
1/3/2018,109.6775
1/4/2018,109.4802
1/5/2018,109.3517
1/8/2018,109.57
1/9/2018,109.9044
1/10/2018,109.6299
1/11/2018,109.491
1/12/2018,108.9035
1/15/2018,.
1/16/2018,108.3244
1/17/2018,108.155
1/18/2018,108.068
1/19/2018,107.9478
1/22/2018,108.1094
1/23/2018,108.0007
1/24/2018,107.0828
1/25/2018,106.5079
1/26/2018,106.6935
1/29/2018,107.1165
1/30/2018,107.1089
1/31/2018,106.7722
2/1/2018,106.4903
2/2/2018,107.1181
2/5/2018,107.333
2/6/2018,107.5233
2/7/2018,107.7198
2/8/2018,108.3049
2/9/2018,108.2605
2/12/2018,108.0358
2/13/2018,107.7602
2/14/2018,107.472
2/15/2018,106.9897
2/16/2018,107.0387
2/19/2018,.
2/20/2018,107.6276
2/21/2018,107.8707
2/22/2018,107.8696
2/23/2018,107.6829
2/26/2018,107.7373
2/27/2018,108.1757
2/28/2018,108.3928
3/1/2018,108.5384
3/2/2018,.
3/5/2018,108.3648
3/6/2018,107.8002
3/7/2018,108.0947
3/8/2018,108.2702
3/9/2018,107.9259
3/12/2018,107.9467
3/13/2018,107.7417
3/14/2018,107.8655
3/15/2018,108.2064
3/16/2018,108.4364
3/19/2018,108.3179
3/20/2018,108.4985
3/21/2018,.
3/22/2018,107.9965
3/23/2018,107.7526
3/26/2018,107.1851
3/27/2018,107.3391
3/28/2018,107.5763
3/29/2018,107.6678
3/30/2018,107.4811
4/2/2018,107.7059
4/3/2018,107.5648
4/4/2018,107.6387
4/5/2018,107.7304
4/6/2018,107.7912
4/9/2018,107.534
4/10/2018,107.3679
4/11/2018,107.1244
4/12/2018,107.2924
4/13/2018,107.2386
4/16/2018,107.0616
4/17/2018,107.0362
4/18/2018,107.1118
4/19/2018,107.5219
4/20/2018,108.181
4/23/2018,108.9357
4/24/2018,108.7932
4/25/2018,109.3473
4/26/2018,109.3668
4/27/2018,109.1755
4/30/2018,109.3381
5/1/2018,109.7461
5/2/2018,110.1641
5/3/2018,110.1821
5/4/2018,110.2516
5/7/2018,110.5738
5/8/2018,111.0647
5/9/2018,110.8832
5/10/2018,110.4064
5/11/2018,110.2863
5/14/2018,110.4098
5/15/2018,111.231
5/16/2018,111.3083
5/17/2018,111.3562
5/18/2018,111.7188
5/21/2018,111.6411
5/22/2018,111.1958
5/23/2018,111.6943
5/24/2018,111.4896
5/25/2018,111.5852
5/28/2018,.
5/29/2018,112.2132
5/30/2018,111.6741
5/31/2018,111.9906
6/1/2018,111.8279
6/4/2018,111.8261
6/5/2018,112.2657
6/6/2018,111.7546
6/7/2018,112.0751
6/8/2018,112.1087
6/11/2018,112.1127
6/12/2018,112.216
6/13/2018,112.2599
6/14/2018,112.861
6/15/2018,113.3398
6/18/2018,113.4919
6/19/2018,113.6408
6/20/2018,113.4804
6/21/2018,113.6131
6/22/2018,113.3069
6/25/2018,113.2886
6/26/2018,113.304
6/27/2018,113.8994
6/28/2018,113.8427
6/29/2018,113.2611
7/2/2018,114.1699
7/3/2018,113.3244
7/4/2018,.
7/5/2018,112.9783
7/6/2018,112.6453
7/9/2018,112.645
7/10/2018,112.5818
7/11/2018,112.8608
7/12/2018,112.7815
7/13/2018,113.0731
7/16/2018,112.8464
7/17/2018,113.153
7/18/2018,113.3374
7/19/2018,113.949
7/20/2018,113.324
7/23/2018,113.4274
7/24/2018,113.2069
7/25/2018,112.9241
7/26/2018,112.9198
7/27/2018,112.8144
7/30/2018,112.6066
7/31/2018,112.732
8/1/2018,112.8919
8/2/2018,113.1696
8/3/2018,113.0135
8/6/2018,113.2302
8/7/2018,112.9773
8/8/2018,113.1424
8/9/2018,113.3818
8/10/2018,114.3012
8/13/2018,114.8519
8/14/2018,114.6586
8/15/2018,115.1533
8/16/2018,114.6424
8/17/2018,114.5347
8/20/2018,114.3514
8/21/2018,113.8617
8/22/2018,113.6646
8/23/2018,114.0949
8/24/2018,113.6003
8/27/2018,113.2739
8/28/2018,113.3465
8/29/2018,113.6483
8/30/2018,114.092
8/31/2018,114.2775
9/3/2018,.
9/4/2018,114.8605
9/5/2018,114.7501
9/6/2018,114.6501
9/7/2018,114.5833
9/10/2018,114.682
9/11/2018,114.7071
9/12/2018,114.221
9/13/2018,113.9289
9/14/2018,114.068
9/17/2018,113.918
9/18/2018,113.776
9/19/2018,113.6552
9/20/2018,113.5012
9/21/2018,113.5122
9/24/2018,113.5326
9/25/2018,113.723
9/26/2018,113.6764
9/27/2018,113.9807
9/28/2018,113.8094
10/1/2018,113.8247
10/2/2018,113.8965
10/3/2018,114.1579
10/4/2018,114.6879
10/5/2018,114.5621
10/8/2018,.
10/9/2018,114.659
10/10/2018,114.6083
10/11/2018,114.4086
10/12/2018,114.3703
10/15/2018,114.0462
10/16/2018,113.8974
10/17/2018,114.1764
10/18/2018,114.8174
10/19/2018,114.858
10/22/2018,115.1794
10/23/2018,115.1664
10/24/2018,115.3763
10/25/2018,115.4838
10/26/2018,115.4737
10/29/2018,115.8947
10/30/2018,116.2368
10/31/2018,116.5291
11/1/2018,115.8667
11/2/2018,115.6439
11/5/2018,115.704
11/6/2018,115.5633
11/7/2018,115.2531
11/8/2018,115.649
11/9/2018,116.4789
11/12/2018,.
11/13/2018,116.6704
11/14/2018,116.4991
11/15/2018,116.3874
11/16/2018,115.9271
11/19/2018,115.9877
11/20/2018,116.2383
11/21/2018,116.0937
11/22/2018,.
11/23/2018,116.4729
11/26/2018,116.6225
11/27/2018,116.9017
11/28/2018,116.8359
11/29/2018,116.1981
11/30/2018,116.4147
12/3/2018,115.907
12/4/2018,116.004
12/5/2018,.
12/6/2018,116.4011
12/7/2018,116.0866
12/10/2018,116.6765
12/11/2018,116.7581
12/12/2018,116.223
12/13/2018,116.3993
12/14/2018,116.7916
12/17/2018,116.4549
12/18/2018,116.4148
12/19/2018,116.0698
12/20/2018,116.0205
12/21/2018,116.2248
12/24/2018,116.2204
12/25/2018,.
12/26/2018,116.1183
12/27/2018,115.9948
12/28/2018,115.7253
12/31/2018,115.5695
1/1/2019,.
1/2/2019,115.7681
1/3/2019,115.4621
1/4/2019,114.9822
1/7/2019,114.5631
1/8/2019,114.7281
1/9/2019,114.1407
1/10/2019,114.0487
1/11/2019,114.0384
1/14/2019,.
1/15/2019,114.3363
1/16/2019,114.1331
1/17/2019,114.4083
1/18/2019,114.5547
1/21/2019,.
1/22/2019,114.7516
1/23/2019,114.5741
1/24/2019,114.6134
1/25/2019,114.0168
1/28/2019,114.0497
1/29/2019,114.0225
1/30/2019,114.0702
1/31/2019,113.5472
2/1/2019,113.7529
2/4/2019,113.8742
2/5/2019,114.0402
2/6/2019,114.2271
2/7/2019,114.4304
2/8/2019,114.4965
2/11/2019,115.028
2/12/2019,114.7271
2/13/2019,114.9375
2/14/2019,115.0975
2/15/2019,114.9889
2/18/2019,.
2/19/2019,114.5673
2/20/2019,.
2/21/2019,114.5063
2/22/2019,114.2683
2/25/2019,114.142
2/26/2019,114.0658
2/27/2019,114.0332
2/28/2019,114.1969
3/1/2019,114.5355
3/4/2019,114.6904
3/5/2019,114.8017
3/6/2019,114.9704
3/7/2019,115.4897
3/8/2019,115.3577
3/11/2019,115.2945
3/12/2019,114.9371
3/13/2019,114.7362
3/14/2019,114.7894
3/15/2019,114.5814
3/18/2019,114.4372
3/19/2019,114.2313
3/20/2019,114.1497
3/21/2019,114.167
3/22/2019,114.6841
3/25/2019,114.4156
3/26/2019,114.6398
3/27/2019,115.1232
3/28/2019,115.257
3/29/2019,115.1347
4/1/2019,114.9333
4/2/2019,115.1144
4/3/2019,114.7191
4/4/2019,114.9674
4/5/2019,114.9701
4/8/2019,114.6869
4/9/2019,114.5297
4/10/2019,114.4243
4/11/2019,114.6282
4/12/2019,114.3512
4/15/2019,114.4936
4/16/2019,114.6744
4/17/2019,114.5122
4/18/2019,114.7043
4/19/2019,114.6947
4/22/2019,114.7668
4/23/2019,115.1551
4/24/2019,115.4156
4/25/2019,115.7674
4/26/2019,115.4726
4/29/2019,115.5197
4/30/2019,115.3259
5/1/2019,115.0003
5/2/2019,115.5598
5/3/2019,115.2626
5/6/2019,115.3795
5/7/2019,115.6099
5/8/2019,115.5161
5/9/2019,115.8429
5/10/2019,115.5339
5/13/2019,115.9161
5/14/2019,115.9433
5/15/2019,115.8571
5/16/2019,116.0351
5/17/2019,116.4495
5/20/2019,116.3135
5/21/2019,116.2849
5/22/2019,116.2414
5/23/2019,116.2374
5/24/2019,116.0815
5/27/2019,.
5/28/2019,116.3184
5/29/2019,116.5537
5/30/2019,116.3983
5/31/2019,116.7282
6/3/2019,116.4785
6/4/2019,116.0928
6/5/2019,116.0319
6/6/2019,115.9808
6/7/2019,115.7409
6/10/2019,115.5027
6/11/2019,115.3816
6/12/2019,115.4401
6/13/2019,115.629
6/14/2019,115.9061
6/17/2019,115.9693
6/18/2019,115.8793
6/19/2019,115.7891
6/20/2019,114.8039
6/21/2019,114.8377
6/24/2019,114.6579
6/25/2019,114.6382
6/26/2019,114.5626
6/27/2019,114.667
6/28/2019,114.584
7/1/2019,114.7241
7/2/2019,114.8263
7/3/2019,114.8134
7/4/2019,.
7/5/2019,115.1125
7/8/2019,115.0243
7/9/2019,115.1008
7/10/2019,115.0888
7/11/2019,114.8364
7/12/2019,114.7684
7/15/2019,114.6818
7/16/2019,115.0104
7/17/2019,114.8814
7/18/2019,114.8738
7/19/2019,114.8688
7/22/2019,115.0014
7/23/2019,115.2984
7/24/2019,115.2422
7/25/2019,115.2971
7/26/2019,115.5435
7/29/2019,115.5876
7/30/2019,115.6204
7/31/2019,115.4932
8/1/2019,116.0482
8/2/2019,116.1861
8/5/2019,116.589
8/6/2019,116.6941
8/7/2019,116.8038
8/8/2019,116.4778
8/9/2019,116.4455
8/12/2019,116.7587
8/13/2019,116.7296
8/14/2019,117.0932
8/15/2019,117.2249
8/16/2019,117.0792
8/19/2019,117.3905
8/20/2019,117.3743
8/21/2019,117.1781
8/22/2019,117.3581
8/23/2019,117.305
8/26/2019,117.6704
8/27/2019,117.7548
8/28/2019,117.8813
8/29/2019,118.0667
8/30/2019,118.1602
9/2/2019,.
9/3/2019,118.3132
9/4/2019,117.6748
9/5/2019,117.48
9/6/2019,117.1302
9/9/2019,117.0616
9/10/2019,117.0894
9/11/2019,117.3131
9/12/2019,116.8388
9/13/2019,116.7691
9/16/2019,117.0251
9/17/2019,116.9841
9/18/2019,116.9783
9/19/2019,117.0884
9/20/2019,117.1834
9/23/2019,117.3006
9/24/2019,117.225
9/25/2019,117.6547
9/26/2019,117.729
9/27/2019,117.7245
9/30/2019,117.9485
10/1/2019,117.9619
10/2/2019,117.9699
10/3/2019,117.6637
10/4/2019,117.531
10/7/2019,117.5553
10/8/2019,117.7419
10/9/2019,117.6853
10/10/2019,117.2822
10/11/2019,116.8261
10/14/2019,.
10/15/2019,116.8123
10/16/2019,116.6446
10/17/2019,116.2638
10/18/2019,116.137
10/21/2019,116.0462
10/22/2019,115.9874
10/23/2019,116.0602
10/24/2019,116.1287
10/25/2019,116.0779
10/28/2019,116.0231
10/29/2019,115.9812
10/30/2019,116.1654
10/31/2019,115.9144
11/1/2019,115.7331
11/4/2019,115.8642
11/5/2019,116.1145
11/6/2019,116.1009
11/7/2019,116.1167
11/8/2019,116.3428
11/11/2019,.
11/12/2019,116.5835
11/13/2019,116.8402
11/14/2019,116.8032
11/15/2019,116.441
11/18/2019,116.3645
11/19/2019,116.5414
11/20/2019,116.8309
11/21/2019,116.7461
11/22/2019,116.9157
11/25/2019,117.0118
11/26/2019,117.0538
11/27/2019,117.1299
11/28/2019,.
11/29/2019,117.1231
12/2/2019,116.9686
12/3/2019,116.8941
12/4/2019,116.6959
12/5/2019,116.3879
12/6/2019,116.5409
12/9/2019,116.3311
12/10/2019,116.2573
12/11/2019,116.1508
12/12/2019,115.8766
12/13/2019,115.6992
12/16/2019,115.5572
12/17/2019,115.5571
12/18/2019,115.663
12/19/2019,115.6004
12/20/2019,115.7606
12/23/2019,115.8069
12/24/2019,.
12/25/2019,.
12/26/2019,115.635
12/27/2019,115.2219
12/30/2019,114.9654
12/31/2019,114.6709
1/1/2020,.
1/2/2020,114.9755
1/3/2020,114.9872
1/6/2020,114.9566
1/7/2020,115.1473
1/8/2020,115.1317
1/9/2020,115.2319
1/10/2020,115.0666
1/13/2020,115.0328
1/14/2020,115.0219
1/15/2020,114.9518
1/16/2020,114.9986
1/17/2020,115.0621
1/20/2020,.
1/21/2020,115.1851
1/22/2020,115.2247
1/23/2020,115.5526
1/24/2020,115.5531
1/27/2020,115.7983
1/28/2020,115.721
1/29/2020,115.6967
1/30/2020,115.8055
1/31/2020,115.7337
2/3/2020,116.1172
2/4/2020,115.9279
2/5/2020,116.0063
2/6/2020,116.1486
2/7/2020,116.5059
2/10/2020,116.5679
2/11/2020,116.3548
2/12/2020,116.2749
2/13/2020,116.3951
2/14/2020,116.417
2/17/2020,.
2/18/2020,116.5985
2/19/2020,116.7767
2/20/2020,117.2407
2/21/2020,117.0438
2/24/2020,117.4
2/25/2020,117.2406
2/26/2020,117.4042
2/27/2020,117.3688
2/28/2020,117.6588
3/2/2020,116.8165
3/3/2020,116.4973
3/4/2020,116.7807
3/5/2020,116.794
3/6/2020,116.7176
3/9/2020,117.1999
3/10/2020,117.9139
3/11/2020,118.262
3/12/2020,120.5015
3/13/2020,120.4484
3/16/2020,120.9493
3/17/2020,122.4938
3/18/2020,124.1743
3/19/2020,125.0722
3/20/2020,124.9485
3/23/2020,126.1428
3/24/2020,125.5185
3/25/2020,124.8079
3/26/2020,122.4466
3/27/2020,122.4189
3/30/2020,123.3111
3/31/2020,122.5495
4/1/2020,123.8154
4/2/2020,123.6099
4/3/2020,124.4354
4/6/2020,124.1805
4/7/2020,123.1142
4/8/2020,123.2402
4/9/2020,122.4932
4/10/2020,122.176
4/13/2020,122.5387
4/14/2020,122.1315
4/15/2020,123.095
4/16/2020,123.4804
4/17/2020,122.8895
4/20/2020,123.1228
4/21/2020,123.9315
4/22/2020,123.9471
4/23/2020,123.777
4/24/2020,124.1851
4/27/2020,123.9092
4/28/2020,123.3922
4/29/2020,122.7994
4/30/2020,122.3493
5/1/2020,123.1753
5/4/2020,123.2345
5/5/2020,122.8223
5/6/2020,123.6306
5/7/2020,123.1454
5/8/2020,122.557
5/11/2020,123.2528
5/12/2020,123.0805
5/13/2020,123.5625
5/14/2020,123.6632
5/15/2020,123.6186
5/18/2020,122.8164
5/19/2020,122.5857
5/20/2020,122.1197
5/21/2020,122.1087
5/22/2020,122.3361
5/25/2020,.
5/26/2020,121.4019
5/27/2020,121.5835
5/28/2020,121.0304
5/29/2020,120.9625
6/1/2020,120.2854
6/2/2020,119.7012
6/3/2020,119.272
6/4/2020,119.3199
6/5/2020,118.8294
6/8/2020,118.6782
6/9/2020,118.6067
6/10/2020,118.5413
6/11/2020,119.2552
6/12/2020,119.6824
6/15/2020,119.9736
6/16/2020,119.5848
6/17/2020,119.9289
6/18/2020,120.2371
6/19/2020,120.2372
6/22/2020,119.7728
6/23/2020,119.3492
6/24/2020,119.9955
6/25/2020,120.3206
6/26/2020,120.5543
6/29/2020,120.6879
6/30/2020,120.4864
7/1/2020,120.1019
7/2/2020,119.8752
7/3/2020,.
7/6/2020,119.3033
7/7/2020,119.5916
7/8/2020,119.5736
7/9/2020,119.5324
7/10/2020,119.3704
7/13/2020,119.209
7/14/2020,119.4113
7/15/2020,119.0535
7/16/2020,118.9479
7/17/2020,119.1452
7/20/2020,119.0706
7/21/2020,118.4261
7/22/2020,118.1567
7/23/2020,118.0852
7/24/2020,118.1577
7/27/2020,117.4115
7/28/2020,117.343
7/29/2020,117.2372
7/30/2020,117.4266
7/31/2020,117.2339
8/3/2020,117.834
8/4/2020,117.811
8/5/2020,116.9013
8/6/2020,117.0696
8/7/2020,117.6506
8/10/2020,117.6089
8/11/2020,117.4039
8/12/2020,117.2814
8/13/2020,117.1452
8/14/2020,116.9647
8/17/2020,116.7747
8/18/2020,116.5871
8/19/2020,116.5934
8/20/2020,116.8385
8/21/2020,117.0814
8/24/2020,116.9368
8/25/2020,116.8451
8/26/2020,116.6482
8/27/2020,116.6746
8/28/2020,115.9636
8/31/2020,115.785
9/1/2020,115.5944
9/2/2020,116.0543
9/3/2020,116.0912
9/4/2020,116.0569
9/7/2020,.
9/8/2020,116.4831
9/9/2020,116.1494
9/10/2020,115.9001
9/11/2020,116.1053
9/14/2020,115.6608
9/15/2020,115.6074
9/16/2020,115.3699
9/17/2020,115.4549
9/18/2020,115.2557
9/21/2020,116.3957
9/22/2020,116.5609
9/23/2020,117.2726
9/24/2020,117.5682
9/25/2020,117.8886
9/28/2020,117.6393
9/29/2020,117.5484
9/30/2020,116.9668
10/1/2020,116.7437
10/2/2020,116.7511
10/5/2020,116.1954
10/6/2020,116.2866
10/7/2020,116.3631
10/8/2020,116.1836
10/9/2020,115.2913
10/12/2020,.
10/13/2020,115.9272
10/14/2020,115.7033
10/15/2020,116.1111
10/16/2020,115.7815
10/19/2020,115.4171
10/20/2020,115.262
10/21/2020,114.9252
10/22/2020,115.13
10/23/2020,115.0261
10/26/2020,115.2934
10/27/2020,115.0267
10/28/2020,115.8157
10/29/2020,116.319
10/30/2020,116.1464
11/2/2020,116.2476
11/3/2020,115.4917
11/4/2020,115.178
11/5/2020,114.4662
11/6/2020,114.0021
11/9/2020,114.0977
11/10/2020,114.0836
11/11/2020,.
11/12/2020,114.292
11/13/2020,114.2474
11/16/2020,113.8384
11/17/2020,113.689
11/18/2020,113.4675
11/19/2020,113.701
11/20/2020,113.4958
11/23/2020,113.7617
11/24/2020,113.4394
11/25/2020,113.1903
11/26/2020,.
11/27/2020,.
11/30/2020,113.2346
12/1/2020,112.8162
12/2/2020,112.6216
12/3/2020,112.0336
12/4/2020,111.7863
12/7/2020,111.8469
12/8/2020,111.8715
12/9/2020,112.0388
12/10/2020,111.9881
12/11/2020,112.1515
12/14/2020,112.182
12/15/2020,111.871
12/16/2020,111.7262
12/17/2020,111.2339
12/18/2020,111.619
12/21/2020,111.9528
12/22/2020,112.2053
12/23/2020,111.9926
12/24/2020,.
12/25/2020,.
12/28/2020,111.9874
12/29/2020,111.5289
12/30/2020,111.3207
12/31/2020,111.3289
1/1/2021,.
1/4/2021,111.217
1/5/2021,110.961
1/6/2021,110.8645
1/7/2021,111.3124
1/8/2021,111.294
1/11/2021,111.8309
1/12/2021,111.5577
1/13/2021,111.3738
1/14/2021,111.1718
1/15/2021,111.5263
1/18/2021,.
1/19/2021,111.4656
1/20/2021,.
1/21/2021,111.2088
1/22/2021,111.5525
1/25/2021,111.8617
1/26/2021,111.6516
1/27/2021,112.0706
1/28/2021,111.9977
1/29/2021,111.9455
2/1/2021,112.4154
2/2/2021,112.2957
2/3/2021,112.2654
2/4/2021,112.7501
2/5/2021,112.2477
2/8/2021,112.0516
2/9/2021,111.7674
2/10/2021,111.5878
2/11/2021,111.5372
2/12/2021,111.5016
2/15/2021,.
2/16/2021,111.7981
2/17/2021,112.0337
2/18/2021,112.1653
2/19/2021,111.7086
2/22/2021,111.9066
2/23/2021,111.8926
2/24/2021,111.7265
2/25/2021,111.9134
2/26/2021,112.8163
3/1/2021,112.5266
3/2/2021,112.5296
3/3/2021,112.7543
3/4/2021,112.7095
3/5/2021,113.7501
3/8/2021,114.2699
3/9/2021,113.9278
3/10/2021,113.5992
3/11/2021,112.9392
3/12/2021,113.0491
3/15/2021,113.2171
3/16/2021,113.0142
3/17/2021,113.1834
3/18/2021,112.805
3/19/2021,113.0073
3/22/2021,113.0269
3/23/2021,113.3179
3/24/2021,113.6794
3/25/2021,114.0262
3/26/2021,113.7691
3/29/2021,113.9594
3/30/2021,114.2332
3/31/2021,113.8642
4/1/2021,113.7803
4/2/2021,113.7743
4/5/2021,113.4328
4/6/2021,113.183
4/7/2021,113.275
4/8/2021,113.1238
4/9/2021,113.2334
4/12/2021,113.2081
4/13/2021,113.0642
4/14/2021,112.8075
4/15/2021,112.6482
4/16/2021,112.5126
4/19/2021,112.2061
4/20/2021,112.2528
4/21/2021,112.196
4/22/2021,112.2543
4/23/2021,112.11
4/26/2021,111.8371
4/27/2021,111.9358
4/28/2021,111.8195
4/29/2021,111.7731
4/30/2021,112.1151
5/3/2021,112.0298
5/4/2021,112.3155
5/5/2021,112.1789
5/6/2021,111.8718
5/7/2021,111.0562
5/10/2021,110.8214
5/11/2021,110.9218
5/12/2021,111.5963
5/13/2021,111.6295
5/14/2021,111.1712
5/17/2021,111.1111
5/18/2021,110.8629
5/19/2021,110.9092
5/20/2021,110.8864
5/21/2021,111.0841
5/24/2021,110.9345
5/25/2021,110.8653
5/26/2021,110.8916
5/27/2021,110.8973
5/28/2021,110.7905
5/31/2021,.
6/1/2021,110.5378
6/2/2021,110.616
6/3/2021,111.2199
6/4/2021,110.7899
6/7/2021,110.5559
6/8/2021,110.6914
6/9/2021,110.6149
6/10/2021,110.5895
6/11/2021,111.1327
6/14/2021,111.0083
6/15/2021,111.3845
6/16/2021,111.1528
6/17/2021,112.6104
6/18/2021,113.0684
6/21/2021,112.8643
6/22/2021,112.9452
6/23/2021,112.4198
6/24/2021,112.3723
6/25/2021,112.0183
6/28/2021,112.0757
6/29/2021,112.3115
6/30/2021,112.6067
7/1/2021,112.7911
7/2/2021,112.5964
7/5/2021,.
7/6/2021,112.9925
7/7/2021,113.1391
7/8/2021,113.1043
7/9/2021,112.8679
7/12/2021,112.7943
7/13/2021,113.0386
7/14/2021,112.9126
7/15/2021,113.0353
7/16/2021,113.0775
7/19/2021,113.568
7/20/2021,113.7758
7/21/2021,113.4199
7/22/2021,113.4956
7/23/2021,113.472
7/26/2021,113.2498
7/27/2021,113.2446
7/28/2021,113.206
7/29/2021,112.5096
7/30/2021,112.6979
8/2/2021,112.6922
8/3/2021,112.8405
8/4/2021,112.914
8/5/2021,112.7909
8/6/2021,113.3323
8/9/2021,113.4754
8/10/2021,113.5259
8/11/2021,113.3137
8/12/2021,113.3048
8/13/2021,113.0913
8/16/2021,113.1924
8/17/2021,113.642
8/18/2021,113.723
8/19/2021,114.1303
8/20/2021,114.5137
8/23/2021,113.957
8/24/2021,113.6984
8/25/2021,113.6543
8/26/2021,113.8091
8/27/2021,113.3661
8/30/2021,113.2793
8/31/2021,113.1485
9/1/2021,112.9137
9/2/2021,112.8259
9/3/2021,112.5855
9/6/2021,.
9/7/2021,113.0161
9/8/2021,113.2648
9/9/2021,113.0709
9/10/2021,112.975
9/13/2021,113.0678
9/14/2021,113.0354
9/15/2021,113.0079
9/16/2021,113.3379
9/17/2021,113.6335
9/20/2021,113.9661
9/21/2021,113.844
9/22/2021,113.6522
9/23/2021,113.5469
9/24/2021,113.795
9/27/2021,113.7791
9/28/2021,114.2787
9/29/2021,114.7447
9/30/2021,114.6718
10/1/2021,114.4094
10/4/2021,114.2983
10/5/2021,114.3892
10/6/2021,114.7402
10/7/2021,114.5291
10/8/2021,114.6203
10/11/2021,.
10/12/2021,114.7851
10/13/2021,114.5015
10/14/2021,114.2395
10/15/2021,114.1309
10/18/2021,114.0304
10/19/2021,113.6874
10/20/2021,113.5511
10/21/2021,113.6538
10/22/2021,113.706
10/25/2021,113.6464
10/26/2021,113.7197
10/27/2021,113.6649
10/28/2021,113.4735
10/29/2021,114.1716
11/1/2021,114.2349
11/2/2021,114.3152
11/3/2021,114.3866
11/4/2021,114.3904
11/5/2021,114.1159
11/8/2021,113.8681
11/9/2021,113.8072
11/10/2021,114.1996
11/11/2021,.
11/12/2021,114.5627
11/15/2021,114.6352
11/16/2021,115.1843
11/17/2021,115.0723
11/18/2021,115.107
11/19/2021,115.2562
11/22/2021,115.6896
11/23/2021,116.0464
11/24/2021,116.3081
11/25/2021,.
11/26/2021,116.5112
11/29/2021,116.5858
11/30/2021,116.2178
12/1/2021,115.8992
12/2/2021,116.0314
12/3/2021,116.2445
12/6/2021,116.1674
12/7/2021,115.8815
12/8/2021,115.4694
12/9/2021,115.8058
12/10/2021,115.5967
12/13/2021,115.8625
12/14/2021,116.2524
12/15/2021,116.4299
12/16/2021,115.7307
12/17/2021,115.8123
12/20/2021,116.0211
12/21/2021,116.1256
12/22/2021,115.7657
12/23/2021,115.5575
12/24/2021,.
12/27/2021,115.4964
12/28/2021,115.4497
12/29/2021,115.3964
12/30/2021,115.3163
12/31/2021,.
1/3/2022,115.4344
1/4/2022,115.3509
1/5/2022,115.1831
1/6/2022,115.451
1/7/2022,115.0949
1/10/2022,115.2634
1/11/2022,114.889
1/12/2022,114.4078
1/13/2022,114.2313
1/14/2022,114.4295
1/17/2022,.
1/18/2022,114.7828
1/19/2022,114.6541
1/20/2022,114.5125
1/21/2022,114.6534
1/24/2022,115.2276
1/25/2022,115.1907
1/26/2022,115.1264
1/27/2022,116.0127
1/28/2022,116.0637
1/31/2022,115.611
2/1/2022,115.4098
2/2/2022,115.1917
2/3/2022,114.9501
2/4/2022,115.1732
2/7/2022,115.0495
2/8/2022,115.1317
2/9/2022,114.8719
2/10/2022,114.6087
2/11/2022,114.8964
2/14/2022,115.2428
2/15/2022,114.9784
2/16/2022,114.7394
2/17/2022,114.7266
2/18/2022,114.8487
2/21/2022,.
2/22/2022,114.7578
2/23/2022,114.729
2/24/2022,115.987
2/25/2022,115.3149
2/28/2022,115.313
3/1/2022,115.8932
3/2/2022,115.8498
3/3/2022,116.0419
3/4/2022,116.7313
3/7/2022,117.4421
3/8/2022,117.6898
3/9/2022,116.716
3/10/2022,116.8566
3/11/2022,117.1415
3/14/2022,117.2681
3/15/2022,117.3366
3/16/2022,116.9088
3/17/2022,116.1617
3/18/2022,116.2705
3/21/2022,116.0795
3/22/2022,116.2307
3/23/2022,116.1466
3/24/2022,116.1156
3/25/2022,115.958
3/28/2022,116.344
3/29/2022,115.7168
3/30/2022,115.2245
3/31/2022,115.3456
4/1/2022,115.6251
4/4/2022,115.5679
4/5/2022,115.8748
4/6/2022,116.1355
4/7/2022,116.4626
4/8/2022,116.5353
4/11/2022,116.679
4/12/2022,116.5305
4/13/2022,116.4239
4/14/2022,116.8916
4/15/2022,116.8441
4/18/2022,116.9885
4/19/2022,117.2858
4/20/2022,116.8998
4/21/2022,117.3118
4/22/2022,118.1736
4/25/2022,118.7683
4/26/2022,119.0919
4/27/2022,119.6006
4/28/2022,120.2144
4/29/2022,119.6421
5/2/2022,120.0229
5/3/2022,119.8435
5/4/2022,119.6936
5/5/2022,120.1389
5/6/2022,120.0159
5/9/2022,120.6525
5/10/2022,120.9284
5/11/2022,120.5382
5/12/2022,121.4119
5/13/2022,120.9998
5/16/2022,120.8458
5/17/2022,120.0502
5/18/2022,120.18
5/19/2022,119.562
5/20/2022,119.502
5/23/2022,118.8381
5/24/2022,118.7258
5/25/2022,119.0878
5/26/2022,118.9273
5/27/2022,118.4545
5/30/2022,.
5/31/2022,118.2429
6/1/2022,118.8763
6/2/2022,118.2531
6/3/2022,118.4066
6/6/2022,118.4867
6/7/2022,118.6308
6/8/2022,118.6011
6/9/2022,119.1061
6/10/2022,120.1624
6/13/2022,121.2877
6/14/2022,121.7973
6/15/2022,121.7546
6/16/2022,120.7654
6/17/2022,121.3486
6/20/2022,.
6/21/2022,120.7491
6/22/2022,120.6333
6/23/2022,120.8609
6/24/2022,120.5844
6/27/2022,120.2774
6/28/2022,120.7207
6/29/2022,121.0481
6/30/2022,121.054
7/1/2022,121.5779
7/4/2022,.
7/5/2022,122.699
7/6/2022,123.0661
7/7/2022,122.8011
7/8/2022,122.5503
7/11/2022,123.3678
7/12/2022,123.4954
7/13/2022,123.3349
7/14/2022,124.1127
7/15/2022,123.5454
