date,value,change
7/17/2017,110.9296,1
7/18/2017,110.4349,0.995540415
7/19/2017,110.4329,0.99998189
7/20/2017,110.2504,0.998347413
7/21/2017,110.1902,0.99945397
7/24/2017,110.1998,1.000087122
7/25/2017,110.2831,1.0007559
7/26/2017,110.3805,1.000883182
7/27/2017,110.2154,0.998504265
7/28/2017,109.9197,0.997317072
7/31/2017,109.8181,0.999075689
8/1/2017,109.8498,1.000288659
8/2/2017,109.7508,0.999098769
8/3/2017,109.8336,1.000754436
8/4/2017,110.2807,1.004070703
8/7/2017,110.373,1.000836955
8/8/2017,110.3956,1.00020476
8/9/2017,110.367,0.999740932
8/10/2017,110.1884,0.998381763
8/11/2017,110.0421,0.998672274
8/14/2017,110.0947,1.000477999
8/15/2017,110.4839,1.003535138
8/16/2017,110.4385,0.99958908
8/17/2017,110.1666,0.997537996
8/18/2017,110.04,0.998850831
8/21/2017,109.7342,0.997221011
8/22/2017,109.8373,1.000939543
8/23/2017,109.8082,0.999735063
8/24/2017,109.7511,0.999480002
8/25/2017,109.3405,0.996258807
8/28/2017,109.181,0.998541254
8/29/2017,109.0944,0.999206822
8/30/2017,109.4047,1.002844326
8/31/2017,109.3676,0.999660892
9/1/2017,109.0492,0.997088717
9/4/2017,.,#VALUE!
9/5/2017,108.8654,#VALUE!
9/6/2017,108.4885,0.996537927
9/7/2017,107.9211,0.994769953
9/8/2017,107.8071,0.998943673
9/11/2017,108.1518,1.003197378
9/12/2017,108.3233,1.001585734
9/13/2017,108.6618,1.003124905
9/14/2017,108.6175,0.999592313
9/15/2017,108.315,0.997214998
9/18/2017,108.6402,1.003002354
9/19/2017,108.6147,0.99976528
9/20/2017,108.4336,0.998332638
9/21/2017,108.9274,1.004553939
9/22/2017,108.7548,0.998415458
9/25/2017,109.3307,1.005295398
9/26/2017,109.7772,1.00408394
9/27/2017,110.0726,1.002690905
9/28/2017,110.2425,1.001543527
9/29/2017,110.0876,0.998594916
10/2/2017,110.3688,1.002554329
10/3/2017,110.3284,0.999633955
10/4/2017,110.2427,0.999223228
10/5/2017,110.5821,1.003078662
10/6/2017,110.7839,1.001824888
10/9/2017,.,#VALUE!
10/10/2017,110.3037,#VALUE!
10/11/2017,110.3042,1.000004533
10/12/2017,110.3156,1.000103351
10/13/2017,110.2678,0.999566698
10/16/2017,110.5443,1.002507532
10/17/2017,110.9149,1.003352502
10/18/2017,110.7218,0.998259026
10/19/2017,110.4583,0.997620162
10/20/2017,111.0382,1.005249945
10/23/2017,111.2144,1.001586841
10/24/2017,111.4036,1.001701219
10/25/2017,111.3921,0.999896772
10/26/2017,111.643,1.002252404
10/27/2017,112.1504,1.004544844
10/30/2017,111.9022,0.9977869
10/31/2017,111.8068,0.99914747
11/1/2017,111.7955,0.999898933
11/2/2017,111.5479,0.997785242
11/3/2017,111.9388,1.003504324
11/6/2017,111.7203,0.998048041
11/7/2017,111.9453,1.002013958
11/8/2017,111.6938,0.997753367
11/9/2017,111.5632,0.998830732
11/10/2017,.,#VALUE!
11/13/2017,111.784,#VALUE!
11/14/2017,111.5107,0.997555106
11/15/2017,111.4822,0.999744419
11/16/2017,111.2579,0.99798802
11/17/2017,111.0028,0.997707129
11/20/2017,111.261,1.002326067
11/21/2017,110.9836,0.997506763
11/22/2017,110.5642,0.996221063
11/23/2017,.,#VALUE!
11/24/2017,110.0266,#VALUE!
11/27/2017,110.1149,1.000802533
11/28/2017,110.3027,1.001705491
11/29/2017,110.3281,1.000230275
11/30/2017,110.4669,1.001258066
12/1/2017,110.1432,0.99706971
12/4/2017,110.3984,1.002316984
12/5/2017,110.4917,1.000845121
12/6/2017,110.8724,1.003445508
12/7/2017,111.0196,1.001327652
12/8/2017,111.2288,1.001884352
12/11/2017,111.0843,0.998700876
12/12/2017,111.523,1.003949253
12/13/2017,111.2777,0.997800454
12/14/2017,111.0914,0.99832581
12/15/2017,111.1302,1.000349262
12/18/2017,110.9107,0.998024839
12/19/2017,111.1277,1.001956529
12/20/2017,110.8384,0.997396689
12/21/2017,110.8806,1.000380734
12/22/2017,111.1018,1.001994939
12/25/2017,.,#VALUE!
12/26/2017,110.9779,#VALUE!
12/27/2017,110.8576,0.998916
12/28/2017,110.5178,0.996934806
12/29/2017,110.0808,0.996045886
1/1/2018,.,#VALUE!
1/2/2018,109.6469,#VALUE!
1/3/2018,109.6775,1.000279078
1/4/2018,109.4802,0.99820109
1/5/2018,109.3517,0.998826272
1/8/2018,109.57,1.001996311
1/9/2018,109.9044,1.00305193
1/10/2018,109.6299,0.997502375
1/11/2018,109.491,0.99873301
1/12/2018,108.9035,0.994634262
1/15/2018,.,#VALUE!
1/16/2018,108.3244,#VALUE!
1/17/2018,108.155,0.998436179
1/18/2018,108.068,0.999195599
1/19/2018,107.9478,0.998887737
1/22/2018,108.1094,1.00149702
1/23/2018,108.0007,0.998994537
1/24/2018,107.0828,0.991500981
1/25/2018,106.5079,0.994631257
1/26/2018,106.6935,1.001742594
1/29/2018,107.1165,1.003964628
1/30/2018,107.1089,0.999929049
1/31/2018,106.7722,0.99685647
2/1/2018,106.4903,0.9973598
2/2/2018,107.1181,1.005895373
2/5/2018,107.333,1.002006197
2/6/2018,107.5233,1.001772987
2/7/2018,107.7198,1.001827511
2/8/2018,108.3049,1.005431685
2/9/2018,108.2605,0.999590046
2/12/2018,108.0358,0.997924451
2/13/2018,107.7602,0.997448994
2/14/2018,107.472,0.997325543
2/15/2018,106.9897,0.995512319
2/16/2018,107.0387,1.000457988
2/19/2018,.,#VALUE!
2/20/2018,107.6276,#VALUE!
2/21/2018,107.8707,1.002258714
2/22/2018,107.8696,0.999989803
2/23/2018,107.6829,0.998269207
2/26/2018,107.7373,1.000505187
2/27/2018,108.1757,1.004069157
2/28/2018,108.3928,1.00200692
3/1/2018,108.5384,1.001343263
3/2/2018,.,#VALUE!
3/5/2018,108.3648,#VALUE!
3/6/2018,107.8002,0.994789821
3/7/2018,108.0947,1.002731906
3/8/2018,108.2702,1.001623576
3/9/2018,107.9259,0.996819993
3/12/2018,107.9467,1.000192725
3/13/2018,107.7417,0.998100915
3/14/2018,107.8655,1.001149044
3/15/2018,108.2064,1.003160417
3/16/2018,108.4364,1.002125567
3/19/2018,108.3179,0.998907194
3/20/2018,108.4985,1.001667314
3/21/2018,.,#VALUE!
3/22/2018,107.9965,#VALUE!
3/23/2018,107.7526,0.997741593
3/26/2018,107.1851,0.994733306
3/27/2018,107.3391,1.001436767
3/28/2018,107.5763,1.002209819
3/29/2018,107.6678,1.000850559
3/30/2018,107.4811,0.998265963
4/2/2018,107.7059,1.002091531
4/3/2018,107.5648,0.998689951
4/4/2018,107.6387,1.000687028
4/5/2018,107.7304,1.000851924
4/6/2018,107.7912,1.000564372
4/9/2018,107.534,0.997613905
4/10/2018,107.3679,0.998455372
4/11/2018,107.1244,0.997732097
4/12/2018,107.2924,1.00156827
4/13/2018,107.2386,0.999498567
4/16/2018,107.0616,0.998349475
4/17/2018,107.0362,0.999762753
4/18/2018,107.1118,1.000706303
4/19/2018,107.5219,1.00382871
4/20/2018,108.181,1.006129914
4/23/2018,108.9357,1.006976271
4/24/2018,108.7932,0.998691889
4/25/2018,109.3473,1.005093149
4/26/2018,109.3668,1.000178331
4/27/2018,109.1755,0.99825084
4/30/2018,109.3381,1.001489345
5/1/2018,109.7461,1.003731545
5/2/2018,110.1641,1.003808791
5/3/2018,110.1821,1.000163393
5/4/2018,110.2516,1.000630774
5/7/2018,110.5738,1.002922407
5/8/2018,111.0647,1.004439569
5/9/2018,110.8832,0.998365817
5/10/2018,110.4064,0.99569998
5/11/2018,110.2863,0.998912201
5/14/2018,110.4098,1.001119813
5/15/2018,111.231,1.007437746
5/16/2018,111.3083,1.00069495
5/17/2018,111.3562,1.000430336
5/18/2018,111.7188,1.003256217
5/21/2018,111.6411,0.999304504
5/22/2018,111.1958,0.996011326
5/23/2018,111.6943,1.004483083
5/24/2018,111.4896,0.998167319
5/25/2018,111.5852,1.000857479
5/28/2018,.,#VALUE!
5/29/2018,112.2132,#VALUE!
5/30/2018,111.6741,0.995195752
5/31/2018,111.9906,1.00283414
6/1/2018,111.8279,0.998547199
6/4/2018,111.8261,0.999983904
6/5/2018,112.2657,1.003931104
6/6/2018,111.7546,0.995447407
6/7/2018,112.0751,1.002867891
6/8/2018,112.1087,1.000299799
6/11/2018,112.1127,1.00003568
6/12/2018,112.216,1.000921394
6/13/2018,112.2599,1.00039121
6/14/2018,112.861,1.005354539
6/15/2018,113.3398,1.004242387
6/18/2018,113.4919,1.001341982
6/19/2018,113.6408,1.001311988
6/20/2018,113.4804,0.998588535
6/21/2018,113.6131,1.001169365
6/22/2018,113.3069,0.997304888
6/25/2018,113.2886,0.999838492
6/26/2018,113.304,1.000135936
6/27/2018,113.8994,1.00525489
6/28/2018,113.8427,0.999502192
6/29/2018,113.2611,0.994891196
7/2/2018,114.1699,1.008023938
7/3/2018,113.3244,0.99259437
7/4/2018,.,#VALUE!
7/5/2018,112.9783,#VALUE!
7/6/2018,112.6453,0.997052531
7/9/2018,112.645,0.999997337
7/10/2018,112.5818,0.999438945
7/11/2018,112.8608,1.002478198
7/12/2018,112.7815,0.999297365
7/13/2018,113.0731,1.00258553
7/16/2018,112.8464,0.997995102
7/17/2018,113.153,1.002716967
7/18/2018,113.3374,1.001629652
7/19/2018,113.949,1.005396277
7/20/2018,113.324,0.99451509
7/23/2018,113.4274,1.000912428
7/24/2018,113.2069,0.998056025
7/25/2018,112.9241,0.997501919
7/26/2018,112.9198,0.999961921
7/27/2018,112.8144,0.999066594
7/30/2018,112.6066,0.998158037
7/31/2018,112.732,1.001113611
8/1/2018,112.8919,1.001418408
8/2/2018,113.1696,1.002459875
8/3/2018,113.0135,0.998620654
8/6/2018,113.2302,1.00191747
8/7/2018,112.9773,0.997766497
8/8/2018,113.1424,1.001461356
8/9/2018,113.3818,1.002115918
8/10/2018,114.3012,1.008108885
8/13/2018,114.8519,1.004817972
8/14/2018,114.6586,0.998316963
8/15/2018,115.1533,1.004314548
8/16/2018,114.6424,0.995563306
8/17/2018,114.5347,0.999060557
8/20/2018,114.3514,0.998399612
8/21/2018,113.8617,0.995717586
8/22/2018,113.6646,0.998268953
8/23/2018,114.0949,1.003785699
8/24/2018,113.6003,0.995665012
8/27/2018,113.2739,0.997126768
8/28/2018,113.3465,1.000640924
8/29/2018,113.6483,1.002662632
8/30/2018,114.092,1.00390415
8/31/2018,114.2775,1.001625881
9/3/2018,.,#VALUE!
9/4/2018,114.8605,#VALUE!
9/5/2018,114.7501,0.999038834
9/6/2018,114.6501,0.999128541
9/7/2018,114.5833,0.999417358
9/10/2018,114.682,1.000861382
9/11/2018,114.7071,1.000218866
9/12/2018,114.221,0.99576225
9/13/2018,113.9289,0.997442677
9/14/2018,114.068,1.001220937
9/17/2018,113.918,0.998684995
9/18/2018,113.776,0.998753489
9/19/2018,113.6552,0.998938265
9/20/2018,113.5012,0.998645025
9/21/2018,113.5122,1.000096915
9/24/2018,113.5326,1.000179716
9/25/2018,113.723,1.001677051
9/26/2018,113.6764,0.999590232
9/27/2018,113.9807,1.002676897
9/28/2018,113.8094,0.998497114
10/1/2018,113.8247,1.000134435
10/2/2018,113.8965,1.000630795
10/3/2018,114.1579,1.002295066
10/4/2018,114.6879,1.004642692
10/5/2018,114.5621,0.99890311
10/8/2018,.,#VALUE!
10/9/2018,114.659,#VALUE!
10/10/2018,114.6083,0.999557819
10/11/2018,114.4086,0.998257543
10/12/2018,114.3703,0.999665235
10/15/2018,114.0462,0.997166222
10/16/2018,113.8974,0.998695266
10/17/2018,114.1764,1.002449573
10/18/2018,114.8174,1.00561412
10/19/2018,114.858,1.000353605
10/22/2018,115.1794,1.002798238
10/23/2018,115.1664,0.999887133
10/24/2018,115.3763,1.00182258
10/25/2018,115.4838,1.000931734
10/26/2018,115.4737,0.999912542
10/29/2018,115.8947,1.003645852
10/30/2018,116.2368,1.002951817
10/31/2018,116.5291,1.002514694
11/1/2018,115.8667,0.994315583
11/2/2018,115.6439,0.998077101
11/5/2018,115.704,1.000519699
11/6/2018,115.5633,0.998783966
11/7/2018,115.2531,0.997315757
11/8/2018,115.649,1.003435049
11/9/2018,116.4789,1.007176024
11/12/2018,.,#VALUE!
11/13/2018,116.6704,#VALUE!
11/14/2018,116.4991,0.998531761
11/15/2018,116.3874,0.999041194
11/16/2018,115.9271,0.996045105
11/19/2018,115.9877,1.000522742
11/20/2018,116.2383,1.002160574
11/21/2018,116.0937,0.998756004
11/22/2018,.,#VALUE!
11/23/2018,116.4729,#VALUE!
11/26/2018,116.6225,1.001284419
11/27/2018,116.9017,1.002394049
11/28/2018,116.8359,0.999437134
11/29/2018,116.1981,0.994541061
11/30/2018,116.4147,1.001864058
12/3/2018,115.907,0.995638867
12/4/2018,116.004,1.000836878
12/5/2018,.,#VALUE!
12/6/2018,116.4011,#VALUE!
12/7/2018,116.0866,0.997298135
12/10/2018,116.6765,1.005081551
12/11/2018,116.7581,1.00069937
12/12/2018,116.223,0.99541702
12/13/2018,116.3993,1.001516911
12/14/2018,116.7916,1.003370295
12/17/2018,116.4549,0.997117087
12/18/2018,116.4148,0.999655661
12/19/2018,116.0698,0.997036459
12/20/2018,116.0205,0.999575256
12/21/2018,116.2248,1.001760896
12/24/2018,116.2204,0.999962142
12/25/2018,.,#VALUE!
12/26/2018,116.1183,#VALUE!
12/27/2018,115.9948,0.998936429
12/28/2018,115.7253,0.99767662
12/31/2018,115.5695,0.998653708
1/1/2019,.,#VALUE!
1/2/2019,115.7681,#VALUE!
1/3/2019,115.4621,0.997356785
1/4/2019,114.9822,0.995843658
1/7/2019,114.5631,0.996355088
1/8/2019,114.7281,1.001440254
1/9/2019,114.1407,0.994880069
1/10/2019,114.0487,0.999193977
1/11/2019,114.0384,0.999909688
1/14/2019,.,#VALUE!
1/15/2019,114.3363,#VALUE!
1/16/2019,114.1331,0.998222787
1/17/2019,114.4083,1.00241122
1/18/2019,114.5547,1.001279627
1/21/2019,.,#VALUE!
1/22/2019,114.7516,#VALUE!
1/23/2019,114.5741,0.998453181
1/24/2019,114.6134,1.000343009
1/25/2019,114.0168,0.994794675
1/28/2019,114.0497,1.000288554
1/29/2019,114.0225,0.999761507
1/30/2019,114.0702,1.000418338
1/31/2019,113.5472,0.995415104
2/1/2019,113.7529,1.001811581
2/4/2019,113.8742,1.001066346
2/5/2019,114.0402,1.001457749
2/6/2019,114.2271,1.001638896
2/7/2019,114.4304,1.001779788
2/8/2019,114.4965,1.000577644
2/11/2019,115.028,1.004642063
2/12/2019,114.7271,0.997384115
2/13/2019,114.9375,1.001833917
2/14/2019,115.0975,1.001392061
2/15/2019,114.9889,0.999056452
2/18/2019,.,#VALUE!
2/19/2019,114.5673,#VALUE!
2/20/2019,.,#VALUE!
2/21/2019,114.5063,#VALUE!
2/22/2019,114.2683,0.997921512
2/25/2019,114.142,0.998894707
2/26/2019,114.0658,0.999332411
2/27/2019,114.0332,0.9997142
2/28/2019,114.1969,1.001435547
3/1/2019,114.5355,1.002965054
3/4/2019,114.6904,1.001352419
3/5/2019,114.8017,1.000970439
3/6/2019,114.9704,1.00146949
3/7/2019,115.4897,1.004516815
3/8/2019,115.3577,0.998857041
3/11/2019,115.2945,0.999452139
3/12/2019,114.9371,0.996900112
3/13/2019,114.7362,0.998252087
3/14/2019,114.7894,1.000463672
3/15/2019,114.5814,0.998187986
3/18/2019,114.4372,0.998741506
3/19/2019,114.2313,0.99820076
3/20/2019,114.1497,0.99928566
3/21/2019,114.167,1.000151555
3/22/2019,114.6841,1.00452933
3/25/2019,114.4156,0.997658786
3/26/2019,114.6398,1.001959523
3/27/2019,115.1232,1.004216686
3/28/2019,115.257,1.001162233
3/29/2019,115.1347,0.998938893
4/1/2019,114.9333,0.998250745
4/2/2019,115.1144,1.001575697
4/3/2019,114.7191,0.996566025
4/4/2019,114.9674,1.002164417
4/5/2019,114.9701,1.000023485
4/8/2019,114.6869,0.997536751
4/9/2019,114.5297,0.998629312
4/10/2019,114.4243,0.999079715
4/11/2019,114.6282,1.001781964
4/12/2019,114.3512,0.997583492
4/15/2019,114.4936,1.001245286
4/16/2019,114.6744,1.001579128
4/17/2019,114.5122,0.998585561
4/18/2019,114.7043,1.001677551
4/19/2019,114.6947,0.999916307
4/22/2019,114.7668,1.000628625
4/23/2019,115.1551,1.003383383
4/24/2019,115.4156,1.002262166
4/25/2019,115.7674,1.003048115
4/26/2019,115.4726,0.997453515
4/29/2019,115.5197,1.000407889
4/30/2019,115.3259,0.998322364
5/1/2019,115.0003,0.997176697
5/2/2019,115.5598,1.004865205
5/3/2019,115.2626,0.997428171
5/6/2019,115.3795,1.001014206
5/7/2019,115.6099,1.001996889
5/8/2019,115.5161,0.999188651
5/9/2019,115.8429,1.002829043
5/10/2019,115.5339,0.997332594
5/13/2019,115.9161,1.00330812
5/14/2019,115.9433,1.000234652
5/15/2019,115.8571,0.999256533
5/16/2019,116.0351,1.001536375
5/17/2019,116.4495,1.003571333
5/20/2019,116.3135,0.998832112
5/21/2019,116.2849,0.999754113
5/22/2019,116.2414,0.999625919
5/23/2019,116.2374,0.999965589
5/24/2019,116.0815,0.998658779
5/27/2019,.,#VALUE!
5/28/2019,116.3184,#VALUE!
5/29/2019,116.5537,1.002022896
5/30/2019,116.3983,0.998666709
5/31/2019,116.7282,1.002834234
6/3/2019,116.4785,0.997860843
6/4/2019,116.0928,0.996688659
6/5/2019,116.0319,0.99947542
6/6/2019,115.9808,0.999559604
6/7/2019,115.7409,0.997931554
6/10/2019,115.5027,0.997941955
6/11/2019,115.3816,0.99895154
6/12/2019,115.4401,1.000507013
6/13/2019,115.629,1.001636346
6/14/2019,115.9061,1.002396458
6/17/2019,115.9693,1.000545269
6/18/2019,115.8793,0.999223933
6/19/2019,115.7891,0.999221604
6/20/2019,114.8039,0.991491427
6/21/2019,114.8377,1.000294415
6/24/2019,114.6579,0.998434312
6/25/2019,114.6382,0.999828185
6/26/2019,114.5626,0.999340534
6/27/2019,114.667,1.000911292
6/28/2019,114.584,0.999276165
7/1/2019,114.7241,1.001222684
7/2/2019,114.8263,1.000890833
7/3/2019,114.8134,0.999887656
7/4/2019,.,#VALUE!
7/5/2019,115.1125,#VALUE!
7/8/2019,115.0243,0.999233793
7/9/2019,115.1008,1.000665077
7/10/2019,115.0888,0.999895744
7/11/2019,114.8364,0.997806911
7/12/2019,114.7684,0.999407853
7/15/2019,114.6818,0.999245437
7/16/2019,115.0104,1.00286532
7/17/2019,114.8814,0.998878362
7/18/2019,114.8738,0.999933845
7/19/2019,114.8688,0.999956474
7/22/2019,115.0014,1.00115436
7/23/2019,115.2984,1.002582577
7/24/2019,115.2422,0.999512569
7/25/2019,115.2971,1.000476388
7/26/2019,115.5435,1.002137088
7/29/2019,115.5876,1.000381674
7/30/2019,115.6204,1.000283767
7/31/2019,115.4932,0.998899848
8/1/2019,116.0482,1.004805478
8/2/2019,116.1861,1.001188299
8/5/2019,116.589,1.003467713
8/6/2019,116.6941,1.000901457
8/7/2019,116.8038,1.000940065
8/8/2019,116.4778,0.997208995
8/9/2019,116.4455,0.999722694
8/12/2019,116.7587,1.00268967
8/13/2019,116.7296,0.999750768
8/14/2019,117.0932,1.003114891
8/15/2019,117.2249,1.001124745
8/16/2019,117.0792,0.99875709
8/19/2019,117.3905,1.002658884
8/20/2019,117.3743,0.999861999
8/21/2019,117.1781,0.998328425
8/22/2019,117.3581,1.001536123
8/23/2019,117.305,0.999547539
8/26/2019,117.6704,1.003114957
8/27/2019,117.7548,1.000717258
8/28/2019,117.8813,1.001074266
8/29/2019,118.0667,1.001572769
8/30/2019,118.1602,1.000791925
9/2/2019,.,#VALUE!
9/3/2019,118.3132,#VALUE!
9/4/2019,117.6748,0.994604152
9/5/2019,117.48,0.99834459
9/6/2019,117.1302,0.997022472
9/9/2019,117.0616,0.999414327
9/10/2019,117.0894,1.000237482
9/11/2019,117.3131,1.001910506
9/12/2019,116.8388,0.995956973
9/13/2019,116.7691,0.999403452
9/16/2019,117.0251,1.002192361
9/17/2019,116.9841,0.999649648
9/18/2019,116.9783,0.999950421
9/19/2019,117.0884,1.0009412
9/20/2019,117.1834,1.000811353
9/23/2019,117.3006,1.001000142
9/24/2019,117.225,0.999355502
9/25/2019,117.6547,1.0036656
9/26/2019,117.729,1.000631509
9/27/2019,117.7245,0.999961777
9/30/2019,117.9485,1.001902748
10/1/2019,117.9619,1.000113609
10/2/2019,117.9699,1.000067819
10/3/2019,117.6637,0.997404423
10/4/2019,117.531,0.99887221
10/7/2019,117.5553,1.000206754
10/8/2019,117.7419,1.001587338
10/9/2019,117.6853,0.999519288
10/10/2019,117.2822,0.996574763
10/11/2019,116.8261,0.996111089
10/14/2019,.,#VALUE!
10/15/2019,116.8123,#VALUE!
10/16/2019,116.6446,0.998564364
10/17/2019,116.2638,0.996735383
10/18/2019,116.137,0.998909377
10/21/2019,116.0462,0.999218165
10/22/2019,115.9874,0.999493305
10/23/2019,116.0602,1.000627654
10/24/2019,116.1287,1.000590211
10/25/2019,116.0779,0.999562554
10/28/2019,116.0231,0.999527903
10/29/2019,115.9812,0.999638865
10/30/2019,116.1654,1.001588188
10/31/2019,115.9144,0.997839288
11/1/2019,115.7331,0.998435915
11/4/2019,115.8642,1.001132779
11/5/2019,116.1145,1.002160288
11/6/2019,116.1009,0.999882874
11/7/2019,116.1167,1.000136089
11/8/2019,116.3428,1.001947179
11/11/2019,.,#VALUE!
11/12/2019,116.5835,#VALUE!
11/13/2019,116.8402,1.002201855
11/14/2019,116.8032,0.999683328
11/15/2019,116.441,0.996899058
11/18/2019,116.3645,0.999343015
11/19/2019,116.5414,1.001520223
11/20/2019,116.8309,1.002484096
11/21/2019,116.7461,0.999274165
11/22/2019,116.9157,1.001452725
11/25/2019,117.0118,1.00082196
11/26/2019,117.0538,1.000358938
11/27/2019,117.1299,1.000650128
11/28/2019,.,#VALUE!
11/29/2019,117.1231,#VALUE!
12/2/2019,116.9686,0.998680875
12/3/2019,116.8941,0.999363077
12/4/2019,116.6959,0.998304448
12/5/2019,116.3879,0.997360661
12/6/2019,116.5409,1.00131457
12/9/2019,116.3311,0.998199774
12/10/2019,116.2573,0.999365604
12/11/2019,116.1508,0.999083928
12/12/2019,115.8766,0.997639276
12/13/2019,115.6992,0.998469061
12/16/2019,115.5572,0.998772679
12/17/2019,115.5571,0.999999135
12/18/2019,115.663,1.00091643
12/19/2019,115.6004,0.999458772
12/20/2019,115.7606,1.001385808
12/23/2019,115.8069,1.000399963
12/24/2019,.,#VALUE!
12/25/2019,.,#VALUE!
12/26/2019,115.635,#VALUE!
12/27/2019,115.2219,0.996427552
12/30/2019,114.9654,0.997773861
12/31/2019,114.6709,0.99743836
1/1/2020,.,#VALUE!
1/2/2020,114.9755,#VALUE!
1/3/2020,114.9872,1.000101761
1/6/2020,114.9566,0.999733883
1/7/2020,115.1473,1.001658887
1/8/2020,115.1317,0.999864521
1/9/2020,115.2319,1.000870308
1/10/2020,115.0666,0.998565501
1/13/2020,115.0328,0.999706257
1/14/2020,115.0219,0.999905244
1/15/2020,114.9518,0.999390551
1/16/2020,114.9986,1.000407127
1/17/2020,115.0621,1.000552181
1/20/2020,.,#VALUE!
1/21/2020,115.1851,#VALUE!
1/22/2020,115.2247,1.000343794
1/23/2020,115.5526,1.002845744
1/24/2020,115.5531,1.000004327
1/27/2020,115.7983,1.002121968
1/28/2020,115.721,0.99933246
1/29/2020,115.6967,0.999790012
1/30/2020,115.8055,1.00094039
1/31/2020,115.7337,0.999379995
2/3/2020,116.1172,1.003313642
2/4/2020,115.9279,0.998369751
2/5/2020,116.0063,1.000676282
2/6/2020,116.1486,1.001226658
2/7/2020,116.5059,1.003076232
2/10/2020,116.5679,1.000532162
2/11/2020,116.3548,0.998171881
2/12/2020,116.2749,0.999313307
2/13/2020,116.3951,1.001033757
2/14/2020,116.417,1.000188152
2/17/2020,.,#VALUE!
2/18/2020,116.5985,#VALUE!
2/19/2020,116.7767,1.001528322
2/20/2020,117.2407,1.003973395
2/21/2020,117.0438,0.998320549
2/24/2020,117.4,1.003043305
2/25/2020,117.2406,0.998642249
2/26/2020,117.4042,1.001395421
2/27/2020,117.3688,0.999698478
2/28/2020,117.6588,1.002470844
3/2/2020,116.8165,0.992841164
3/3/2020,116.4973,0.997267509
3/4/2020,116.7807,1.002432674
3/5/2020,116.794,1.000113889
3/6/2020,116.7176,0.999345857
3/9/2020,117.1999,1.004132196
3/10/2020,117.9139,1.006092155
3/11/2020,118.262,1.002952154
3/12/2020,120.5015,1.018936768
3/13/2020,120.4484,0.999559342
3/16/2020,120.9493,1.004158627
3/17/2020,122.4938,1.012769813
3/18/2020,124.1743,1.013719062
3/19/2020,125.0722,1.007230965
3/20/2020,124.9485,0.999010971
3/23/2020,126.1428,1.009558338
3/24/2020,125.5185,0.995050847
3/25/2020,124.8079,0.994338683
3/26/2020,122.4466,0.981080525
3/27/2020,122.4189,0.999773779
3/30/2020,123.3111,1.00728809
3/31/2020,122.5495,0.993823751
4/1/2020,123.8154,1.010329704
4/2/2020,123.6099,0.998340271
4/3/2020,124.4354,1.006678268
4/6/2020,124.1805,0.997951548
4/7/2020,123.1142,0.991413306
4/8/2020,123.2402,1.00102344
4/9/2020,122.4932,0.993938666
4/10/2020,122.176,0.997410468
4/13/2020,122.5387,1.002968668
4/14/2020,122.1315,0.996676968
4/15/2020,123.095,1.007889038
4/16/2020,123.4804,1.003130915
4/17/2020,122.8895,0.995214625
4/20/2020,123.1228,1.001898453
4/21/2020,123.9315,1.006568239
4/22/2020,123.9471,1.000125876
4/23/2020,123.777,0.99862764
4/24/2020,124.1851,1.003297058
4/27/2020,123.9092,0.997778316
4/28/2020,123.3922,0.99582759
4/29/2020,122.7994,0.995195807
4/30/2020,122.3493,0.996334673
5/1/2020,123.1753,1.006751162
5/4/2020,123.2345,1.000480616
5/5/2020,122.8223,0.996655157
5/6/2020,123.6306,1.006581052
5/7/2020,123.1454,0.996075405
5/8/2020,122.557,0.995221908
5/11/2020,123.2528,1.005677358
5/12/2020,123.0805,0.99860206
5/13/2020,123.5625,1.003916136
5/14/2020,123.6632,1.000814972
5/15/2020,123.6186,0.999639343
5/18/2020,122.8164,0.993510685
5/19/2020,122.5857,0.998121586
5/20/2020,122.1197,0.996198578
5/21/2020,122.1087,0.999909924
5/22/2020,122.3361,1.001862275
5/25/2020,.,#VALUE!
5/26/2020,121.4019,#VALUE!
5/27/2020,121.5835,1.001495858
5/28/2020,121.0304,0.995450863
5/29/2020,120.9625,0.999438984
6/1/2020,120.2854,0.994402397
6/2/2020,119.7012,0.995143218
6/3/2020,119.272,0.996414405
6/4/2020,119.3199,1.000401603
6/5/2020,118.8294,0.995889202
6/8/2020,118.6782,0.998727588
6/9/2020,118.6067,0.99939753
6/10/2020,118.5413,0.999448598
6/11/2020,119.2552,1.006022374
6/12/2020,119.6824,1.003582234
6/15/2020,119.9736,1.002433106
6/16/2020,119.5848,0.996759287
6/17/2020,119.9289,1.002877456
6/18/2020,120.2371,1.002569856
6/19/2020,120.2372,1.000000832
6/22/2020,119.7728,0.996137635
6/23/2020,119.3492,0.996463304
6/24/2020,119.9955,1.005415202
6/25/2020,120.3206,1.002709268
6/26/2020,120.5543,1.001942311
6/29/2020,120.6879,1.001108214
6/30/2020,120.4864,0.998330404
7/1/2020,120.1019,0.996808768
7/2/2020,119.8752,0.998112436
7/3/2020,.,#VALUE!
7/6/2020,119.3033,#VALUE!
7/7/2020,119.5916,1.00241653
7/8/2020,119.5736,0.999849488
7/9/2020,119.5324,0.999655442
7/10/2020,119.3704,0.998644719
7/13/2020,119.209,0.998647906
7/14/2020,119.4113,1.00169702
7/15/2020,119.0535,0.997003634
7/16/2020,118.9479,0.999113004
7/17/2020,119.1452,1.001658709
7/20/2020,119.0706,0.999373873
7/21/2020,118.4261,0.994587245
7/22/2020,118.1567,0.997725164
7/23/2020,118.0852,0.999394871
7/24/2020,118.1577,1.000613963
7/27/2020,117.4115,0.993684711
7/28/2020,117.343,0.999416582
7/29/2020,117.2372,0.99909837
7/30/2020,117.4266,1.001615528
7/31/2020,117.2339,0.998358975
8/3/2020,117.834,1.005118827
8/4/2020,117.811,0.99980481
8/5/2020,116.9013,0.99227831
8/6/2020,117.0696,1.001439676
8/7/2020,117.6506,1.00496286
8/10/2020,117.6089,0.999645561
8/11/2020,117.4039,0.998256935
8/12/2020,117.2814,0.998956593
8/13/2020,117.1452,0.998838691
8/14/2020,116.9647,0.998459177
8/17/2020,116.7747,0.998375578
8/18/2020,116.5871,0.998393488
8/19/2020,116.5934,1.000054037
8/20/2020,116.8385,1.002102177
8/21/2020,117.0814,1.002078938
8/24/2020,116.9368,0.998764962
8/25/2020,116.8451,0.999215816
8/26/2020,116.6482,0.998314863
8/27/2020,116.6746,1.000226322
8/28/2020,115.9636,0.993906129
8/31/2020,115.785,0.998459862
9/1/2020,115.5944,0.998353845
9/2/2020,116.0543,1.003978566
9/3/2020,116.0912,1.000317955
9/4/2020,116.0569,0.999704543
9/7/2020,.,#VALUE!
9/8/2020,116.4831,#VALUE!
9/9/2020,116.1494,0.997135207
9/10/2020,115.9001,0.997853626
9/11/2020,116.1053,1.00177049
9/14/2020,115.6608,0.996171579
9/15/2020,115.6074,0.999538305
9/16/2020,115.3699,0.997945633
9/17/2020,115.4549,1.000736761
9/18/2020,115.2557,0.998274651
9/21/2020,116.3957,1.009891051
9/22/2020,116.5609,1.001419296
9/23/2020,117.2726,1.006105821
9/24/2020,117.5682,1.002520623
9/25/2020,117.8886,1.002725227
9/28/2020,117.6393,0.997885292
9/29/2020,117.5484,0.999227299
9/30/2020,116.9668,0.995052251
10/1/2020,116.7437,0.998092621
10/2/2020,116.7511,1.000063387
10/5/2020,116.1954,0.995240302
10/6/2020,116.2866,1.000784885
10/7/2020,116.3631,1.000657857
10/8/2020,116.1836,0.998457415
10/9/2020,115.2913,0.992319914
10/12/2020,.,#VALUE!
10/13/2020,115.9272,#VALUE!
10/14/2020,115.7033,0.998068615
10/15/2020,116.1111,1.003524532
10/16/2020,115.7815,0.997161339
10/19/2020,115.4171,0.996852692
10/20/2020,115.262,0.998656178
10/21/2020,114.9252,0.997077962
10/22/2020,115.13,1.001782029
10/23/2020,115.0261,0.999097542
10/26/2020,115.2934,1.00232382
10/27/2020,115.0267,0.997686771
10/28/2020,115.8157,1.006859277
10/29/2020,116.319,1.004345698
10/30/2020,116.1464,0.99851615
11/2/2020,116.2476,1.000871314
11/3/2020,115.4917,0.9934975
11/4/2020,115.178,0.997283787
11/5/2020,114.4662,0.99382
11/6/2020,114.0021,0.995945528
11/9/2020,114.0977,1.000838581
11/10/2020,114.0836,0.999876422
11/11/2020,.,#VALUE!
11/12/2020,114.292,#VALUE!
11/13/2020,114.2474,0.999609771
11/16/2020,113.8384,0.99642005
11/17/2020,113.689,0.998687613
11/18/2020,113.4675,0.998051702
11/19/2020,113.701,1.002057858
11/20/2020,113.4958,0.998195267
11/23/2020,113.7617,1.002342818
11/24/2020,113.4394,0.997166885
11/25/2020,113.1903,0.997804114
11/26/2020,.,#VALUE!
11/27/2020,.,#VALUE!
11/30/2020,113.2346,#VALUE!
12/1/2020,112.8162,0.996305016
12/2/2020,112.6216,0.99827507
12/3/2020,112.0336,0.994778977
12/4/2020,111.7863,0.997792626
12/7/2020,111.8469,1.000542106
12/8/2020,111.8715,1.000219944
12/9/2020,112.0388,1.001495466
12/10/2020,111.9881,0.999547478
12/11/2020,112.1515,1.001459084
12/14/2020,112.182,1.000271954
12/15/2020,111.871,0.997227719
12/16/2020,111.7262,0.998705652
12/17/2020,111.2339,0.995593692
12/18/2020,111.619,1.003462074
12/21/2020,111.9528,1.00299053
12/22/2020,112.2053,1.002255415
12/23/2020,111.9926,0.998104368
12/24/2020,.,#VALUE!
12/25/2020,.,#VALUE!
12/28/2020,111.9874,#VALUE!
12/29/2020,111.5289,0.995905789
12/30/2020,111.3207,0.998133219
12/31/2020,111.3289,1.000073661
1/1/2021,.,#VALUE!
1/4/2021,111.217,#VALUE!
1/5/2021,110.961,0.997698194
1/6/2021,110.8645,0.999130325
1/7/2021,111.3124,1.004040067
1/8/2021,111.294,0.999834699
1/11/2021,111.8309,1.004824159
1/12/2021,111.5577,0.997557026
1/13/2021,111.3738,0.998351526
1/14/2021,111.1718,0.998186288
1/15/2021,111.5263,1.003188758
1/18/2021,.,#VALUE!
1/19/2021,111.4656,#VALUE!
1/20/2021,.,#VALUE!
1/21/2021,111.2088,#VALUE!
1/22/2021,111.5525,1.003090583
1/25/2021,111.8617,1.002771789
1/26/2021,111.6516,0.998121788
1/27/2021,112.0706,1.003752745
1/28/2021,111.9977,0.999349517
1/29/2021,111.9455,0.999533919
2/1/2021,112.4154,1.004197578
2/2/2021,112.2957,0.998935199
2/3/2021,112.2654,0.999730177
2/4/2021,112.7501,1.004317448
2/5/2021,112.2477,0.995544128
2/8/2021,112.0516,0.998252971
2/9/2021,111.7674,0.997463669
2/10/2021,111.5878,0.998393091
2/11/2021,111.5372,0.999546545
2/12/2021,111.5016,0.999680824
2/15/2021,.,#VALUE!
2/16/2021,111.7981,#VALUE!
2/17/2021,112.0337,1.00210737
2/18/2021,112.1653,1.001174647
2/19/2021,111.7086,0.995928331
2/22/2021,111.9066,1.001772469
2/23/2021,111.8926,0.999874896
2/24/2021,111.7265,0.998515541
2/25/2021,111.9134,1.001672835
2/26/2021,112.8163,1.008067845
3/1/2021,112.5266,0.997432109
3/2/2021,112.5296,1.00002666
3/3/2021,112.7543,1.001996808
3/4/2021,112.7095,0.999602676
3/5/2021,113.7501,1.009232585
3/8/2021,114.2699,1.004569666
3/9/2021,113.9278,0.997006211
3/10/2021,113.5992,0.997115717
3/11/2021,112.9392,0.9941901
3/12/2021,113.0491,1.00097309
3/15/2021,113.2171,1.00148608
3/16/2021,113.0142,0.998207868
3/17/2021,113.1834,1.001497157
3/18/2021,112.805,0.996656754
3/19/2021,113.0073,1.00179336
3/22/2021,113.0269,1.00017344
3/23/2021,113.3179,1.002574608
3/24/2021,113.6794,1.00319014
3/25/2021,114.0262,1.003050685
3/26/2021,113.7691,0.997745255
3/29/2021,113.9594,1.001672686
3/30/2021,114.2332,1.00240261
3/31/2021,113.8642,0.996769766
4/1/2021,113.7803,0.999263157
4/2/2021,113.7743,0.999947267
4/5/2021,113.4328,0.996998443
4/6/2021,113.183,0.997797815
4/7/2021,113.275,1.000812843
4/8/2021,113.1238,0.998665195
4/9/2021,113.2334,1.00096885
4/12/2021,113.2081,0.999776568
4/13/2021,113.0642,0.99872889
4/14/2021,112.8075,0.997729608
4/15/2021,112.6482,0.99858786
4/16/2021,112.5126,0.998796252
4/19/2021,112.2061,0.997275861
4/20/2021,112.2528,1.000416198
4/21/2021,112.196,0.999493999
4/22/2021,112.2543,1.000519626
4/23/2021,112.11,0.998714526
4/26/2021,111.8371,0.997565784
4/27/2021,111.9358,1.000882534
4/28/2021,111.8195,0.998961012
4/29/2021,111.7731,0.999585046
4/30/2021,112.1151,1.00305977
5/3/2021,112.0298,0.999239175
5/4/2021,112.3155,1.002550214
5/5/2021,112.1789,0.998783783
5/6/2021,111.8718,0.997262409
5/7/2021,111.0562,0.992709512
5/10/2021,110.8214,0.997885755
5/11/2021,110.9218,1.000905962
5/12/2021,111.5963,1.006080861
5/13/2021,111.6295,1.000297501
5/14/2021,111.1712,0.995894454
5/17/2021,111.1111,0.999459392
5/18/2021,110.8629,0.9977662
5/19/2021,110.9092,1.000417633
5/20/2021,110.8864,0.999794426
5/21/2021,111.0841,1.001782906
5/24/2021,110.9345,0.998653273
5/25/2021,110.8653,0.999376208
5/26/2021,110.8916,1.000237225
5/27/2021,110.8973,1.000051402
5/28/2021,110.7905,0.999036947
5/31/2021,.,#VALUE!
6/1/2021,110.5378,#VALUE!
6/2/2021,110.616,1.00070745
6/3/2021,111.2199,1.005459427
6/4/2021,110.7899,0.996133785
6/7/2021,110.5559,0.997887894
6/8/2021,110.6914,1.001225624
6/9/2021,110.6149,0.999308889
6/10/2021,110.5895,0.999770375
6/11/2021,111.1327,1.004911859
6/14/2021,111.0083,0.998880617
6/15/2021,111.3845,1.003388936
6/16/2021,111.1528,0.997919818
6/17/2021,112.6104,1.01311348
6/18/2021,113.0684,1.00406712
6/21/2021,112.8643,0.998194898
6/22/2021,112.9452,1.00071679
6/23/2021,112.4198,0.995348187
6/24/2021,112.3723,0.999577477
6/25/2021,112.0183,0.996849757
6/28/2021,112.0757,1.000512416
6/29/2021,112.3115,1.002103935
6/30/2021,112.6067,1.002628404
7/1/2021,112.7911,1.001637558
7/2/2021,112.5964,0.9982738
7/5/2021,.,#VALUE!
7/6/2021,112.9925,#VALUE!
7/7/2021,113.1391,1.001297431
7/8/2021,113.1043,0.999692414
7/9/2021,112.8679,0.997909894
7/12/2021,112.7943,0.99934791
7/13/2021,113.0386,1.00216589
7/14/2021,112.9126,0.998885337
7/15/2021,113.0353,1.001086681
7/16/2021,113.0775,1.000373335
7/19/2021,113.568,1.004337733
7/20/2021,113.7758,1.001829741
7/21/2021,113.4199,0.996871918
7/22/2021,113.4956,1.000667431
7/23/2021,113.472,0.999792062
7/26/2021,113.2498,0.998041808
7/27/2021,113.2446,0.999954084
7/28/2021,113.206,0.999659145
7/29/2021,112.5096,0.993848383
7/30/2021,112.6979,1.001673635
8/2/2021,112.6922,0.999949422
8/3/2021,112.8405,1.001315974
8/4/2021,112.914,1.000651362
8/5/2021,112.7909,0.99890979
8/6/2021,113.3323,1.004800033
8/9/2021,113.4754,1.001262659
8/10/2021,113.5259,1.00044503
8/11/2021,113.3137,0.998130823
8/12/2021,113.3048,0.999921457
8/13/2021,113.0913,0.998115702
8/16/2021,113.1924,1.000893968
8/17/2021,113.642,1.003971998
8/18/2021,113.723,1.000712765
8/19/2021,114.1303,1.003581509
8/20/2021,114.5137,1.003359318
8/23/2021,113.957,0.995138573
8/24/2021,113.6984,0.997730723
8/25/2021,113.6543,0.999612132
8/26/2021,113.8091,1.001362025
8/27/2021,113.3661,0.996107517
8/30/2021,113.2793,0.999234339
8/31/2021,113.1485,0.998845332
9/1/2021,112.9137,0.997924851
9/2/2021,112.8259,0.999222415
9/3/2021,112.5855,0.997869284
9/6/2021,.,#VALUE!
9/7/2021,113.0161,#VALUE!
9/8/2021,113.2648,1.002200571
9/9/2021,113.0709,0.998288082
9/10/2021,112.975,0.99915186
9/13/2021,113.0678,1.000821421
9/14/2021,113.0354,0.999713446
9/15/2021,113.0079,0.999756713
9/16/2021,113.3379,1.00292015
9/17/2021,113.6335,1.00260813
9/20/2021,113.9661,1.002926954
9/21/2021,113.844,0.998928629
9/22/2021,113.6522,0.998315238
9/23/2021,113.5469,0.999073489
9/24/2021,113.795,1.002185
9/27/2021,113.7791,0.999860275
9/28/2021,114.2787,1.004390965
9/29/2021,114.7447,1.00407775
9/30/2021,114.6718,0.999364677
10/1/2021,114.4094,0.99771173
10/4/2021,114.2983,0.999028926
10/5/2021,114.3892,1.000795287
10/6/2021,114.7402,1.003068471
10/7/2021,114.5291,0.998160191
10/8/2021,114.6203,1.000796304
10/11/2021,.,#VALUE!
10/12/2021,114.7851,#VALUE!
10/13/2021,114.5015,0.997529296
10/14/2021,114.2395,0.99771182
10/15/2021,114.1309,0.999049366
10/18/2021,114.0304,0.999119432
10/19/2021,113.6874,0.99699203
10/20/2021,113.5511,0.998801098
10/21/2021,113.6538,1.000904439
10/22/2021,113.706,1.00045929
10/25/2021,113.6464,0.999475841
10/26/2021,113.7197,1.000644983
10/27/2021,113.6649,0.999518113
10/28/2021,113.4735,0.998316103
10/29/2021,114.1716,1.006152097
11/1/2021,114.2349,1.000554429
11/2/2021,114.3152,1.000702938
11/3/2021,114.3866,1.000624589
11/4/2021,114.3904,1.000033221
11/5/2021,114.1159,0.997600323
11/8/2021,113.8681,0.997828523
11/9/2021,113.8072,0.999465171
11/10/2021,114.1996,1.003447937
11/11/2021,.,#VALUE!
11/12/2021,114.5627,#VALUE!
11/15/2021,114.6352,1.000632841
11/16/2021,115.1843,1.004789977
11/17/2021,115.0723,0.999027645
11/18/2021,115.107,1.00030155
11/19/2021,115.2562,1.001296185
11/22/2021,115.6896,1.003760318
11/23/2021,116.0464,1.003084115
11/24/2021,116.3081,1.002255132
11/25/2021,.,#VALUE!
11/26/2021,116.5112,#VALUE!
11/29/2021,116.5858,1.000640282
11/30/2021,116.2178,0.996843526
12/1/2021,115.8992,0.997258595
12/2/2021,116.0314,1.001140646
12/3/2021,116.2445,1.001836572
12/6/2021,116.1674,0.999336743
12/7/2021,115.8815,0.997538896
12/8/2021,115.4694,0.996443781
12/9/2021,115.8058,1.002913326
12/10/2021,115.5967,0.998194391
12/13/2021,115.8625,1.002299374
12/14/2021,116.2524,1.003365196
12/15/2021,116.4299,1.00152685
12/16/2021,115.7307,0.99399467
12/17/2021,115.8123,1.000705085
12/20/2021,116.0211,1.001802917
12/21/2021,116.1256,1.000900698
12/22/2021,115.7657,0.99690077
12/23/2021,115.5575,0.99820154
12/24/2021,.,#VALUE!
12/27/2021,115.4964,#VALUE!
12/28/2021,115.4497,0.999595658
12/29/2021,115.3964,0.999538327
12/30/2021,115.3163,0.999305871
12/31/2021,.,#VALUE!
1/3/2022,115.4344,#VALUE!
1/4/2022,115.3509,0.999276645
1/5/2022,115.1831,0.998545308
1/6/2022,115.451,1.002325862
1/7/2022,115.0949,0.996915575
1/10/2022,115.2634,1.001464009
1/11/2022,114.889,0.996751788
1/12/2022,114.4078,0.995811609
1/13/2022,114.2313,0.998457273
1/14/2022,114.4295,1.001735076
1/17/2022,.,#VALUE!
1/18/2022,114.7828,#VALUE!
1/19/2022,114.6541,0.998878752
1/20/2022,114.5125,0.998764981
1/21/2022,114.6534,1.001230433
1/24/2022,115.2276,1.005008138
1/25/2022,115.1907,0.999679764
1/26/2022,115.1264,0.999441795
1/27/2022,116.0127,1.007698495
1/28/2022,116.0637,1.000439607
1/31/2022,115.611,0.996099556
2/1/2022,115.4098,0.998259681
2/2/2022,115.1917,0.998110212
2/3/2022,114.9501,0.997902627
2/4/2022,115.1732,1.001940842
2/7/2022,115.0495,0.998925965
2/8/2022,115.1317,1.000714475
2/9/2022,114.8719,0.997743454
2/10/2022,114.6087,0.997708752
2/11/2022,114.8964,1.002510281
2/14/2022,115.2428,1.00301489
2/15/2022,114.9784,0.997705714
2/16/2022,114.7394,0.997921349
2/17/2022,114.7266,0.999888443
2/18/2022,114.8487,1.001064269
2/21/2022,.,#VALUE!
2/22/2022,114.7578,#VALUE!
2/23/2022,114.729,0.999749037
2/24/2022,115.987,1.01096497
2/25/2022,115.3149,0.994205385
2/28/2022,115.313,0.999983523
3/1/2022,115.8932,1.005031523
3/2/2022,115.8498,0.999625517
3/3/2022,116.0419,1.001658182
3/4/2022,116.7313,1.005940958
3/7/2022,117.4421,1.006089198
3/8/2022,117.6898,1.002109124
3/9/2022,116.716,0.991725706
3/10/2022,116.8566,1.001204633
3/11/2022,117.1415,1.002438031
3/14/2022,117.2681,1.001080744
3/15/2022,117.3366,1.000584132
3/16/2022,116.9088,0.996354079
3/17/2022,116.1617,0.993609549
3/18/2022,116.2705,1.000936625
3/21/2022,116.0795,0.998357279
3/22/2022,116.2307,1.001302556
3/23/2022,116.1466,0.999276439
3/24/2022,116.1156,0.999733096
3/25/2022,115.958,0.998642732
3/28/2022,116.344,1.003328791
3/29/2022,115.7168,0.99460909
3/30/2022,115.2245,0.995745648
3/31/2022,115.3456,1.001050992
4/1/2022,115.6251,1.002423153
4/4/2022,115.5679,0.999505298
4/5/2022,115.8748,1.002655582
4/6/2022,116.1355,1.002249842
4/7/2022,116.4626,1.002816538
4/8/2022,116.5353,1.000624235
4/11/2022,116.679,1.001233103
4/12/2022,116.5305,0.998727277
4/13/2022,116.4239,0.999085218
4/14/2022,116.8916,1.004017216
4/15/2022,116.8441,0.999593641
4/18/2022,116.9885,1.001235835
4/19/2022,117.2858,1.002541275
4/20/2022,116.8998,0.996708894
4/21/2022,117.3118,1.003524386
4/22/2022,118.1736,1.007346235
4/25/2022,118.7683,1.005032427
4/26/2022,119.0919,1.002724633
4/27/2022,119.6006,1.004271491
4/28/2022,120.2144,1.005132081
4/29/2022,119.6421,0.995239339
5/2/2022,120.0229,1.003182826
5/3/2022,119.8435,0.998505285
5/4/2022,119.6936,0.998749202
5/5/2022,120.1389,1.003720333
5/6/2022,120.0159,0.998976185
5/9/2022,120.6525,1.005304297
5/10/2022,120.9284,1.002286733
5/11/2022,120.5382,0.996773297
5/12/2022,121.4119,1.007248325
5/13/2022,120.9998,0.996605769
5/16/2022,120.8458,0.998727271
5/17/2022,120.0502,0.993416403
5/18/2022,120.18,1.001081214
5/19/2022,119.562,0.994857713
5/20/2022,119.502,0.999498168
5/23/2022,118.8381,0.994444444
5/24/2022,118.7258,0.999055017
5/25/2022,119.0878,1.003049042
5/26/2022,118.9273,0.998652255
5/27/2022,118.4545,0.996024462
5/30/2022,.,#VALUE!
5/31/2022,118.2429,#VALUE!
6/1/2022,118.8763,1.00535677
6/2/2022,118.2531,0.994757576
6/3/2022,118.4066,1.001298063
6/6/2022,118.4867,1.000676483
6/7/2022,118.6308,1.00121617
6/8/2022,118.6011,0.999749643
6/9/2022,119.1061,1.004257971
6/10/2022,120.1624,1.008868563
6/13/2022,121.2877,1.009364826
6/14/2022,121.7973,1.00420158
6/15/2022,121.7546,0.999649418
6/16/2022,120.7654,0.991875461
6/17/2022,121.3486,1.004829198
6/20/2022,.,#VALUE!
6/21/2022,120.7491,#VALUE!
6/22/2022,120.6333,0.999040987
6/23/2022,120.8609,1.00188671
6/24/2022,120.5844,0.997712246
6/27/2022,120.2774,0.997454065
6/28/2022,120.7207,1.003685647
6/29/2022,121.0481,1.002712045
6/30/2022,121.054,1.000048741
7/1/2022,121.5779,1.004327821
7/4/2022,.,#VALUE!
7/5/2022,122.699,#VALUE!
7/6/2022,123.0661,1.002991874
7/7/2022,122.8011,0.997846686
7/8/2022,122.5503,0.997957673
7/11/2022,123.3678,1.00667073
7/12/2022,123.4954,1.001034306
7/13/2022,123.3349,0.998700356
7/14/2022,124.1127,1.006306406
7/15/2022,123.5454,0.995429154
